	L1	L2	JSD	Mantel (Pearson)	Mantel (Spearman)
kraken2 + bracken	631723.4161869966	3057.379346301677	0.02209163257732551	0.8341372263208051	0.82848531974453
metaphlan3	4681176.281017268	19491.6084658248	0.020263163340150762	0.8339997696437504	0.823022015131634
motus3	522871.69202845136	2333.719235964143	0.006702774958259575	0.9797581514349718	0.9795865198181426
metaphlan4	1572940.8757475459	6624.61819945906	0.011278688445313599	0.9528068227351275	0.9494552580443336
